foo,bar
1.274366,0.593544 
-0.409548,0.999609